{"cameraMode":{"drawMode":0,"name":"Shaded","section":"Shading Mode"},"sceneLighting":true,"audioPlay":false,"sceneViewState":{"m_AlwaysRefresh":false,"showFog":true,"showSkybox":true,"showFlares":true,"showImageEffects":true,"showParticleSystems":true,"showVisualEffectGraphs":true,"m_FxEnabled":true},"in2DMode":false,"pivot":{"x":79.05270385742188,"y":-229.19390869140626,"z":681.0809326171875},"rotation":{"x":0.1619076430797577,"y":0.05621258169412613,"z":-0.009250489994883538,"w":0.9851062297821045},"size":366.3494567871094,"orthographic":false}